"","TV","radio","newspaper","sales"
"TV",1,0.0561233922624721,0.0508397348510554,0.800614376850569
"radio",0.0561233922624721,1,0.316979489066324,0.554303731405315
"newspaper",0.0508397348510554,0.316979489066324,1,0.194921884248731
"sales",0.800614376850569,0.554303731405315,0.194921884248731,1
