"","glucose","pressure","triceps","insulin","mass","pedigree","age","diabetes"
"glucose",1,0.236609306020595,0.215838242432979,0.658958217353614,0.199071152062318,0.0893458140007985,0.350304702163657,0.498728899671441
"pressure",0.236609306020595,1,0.250106182298589,0.131638945871114,0.317427474789937,-0.0208919435243576,0.329244077856818,0.19812656767066
"triceps",0.215838242432979,0.250106182298589,1,0.241144989394299,0.67439292769186,0.0930494687023622,0.241506720736795,0.260153434799919
"insulin",0.658958217353614,0.131638945871114,0.241144989394299,1,0.300906083980317,0.131515297778384,0.260747425257645,0.37501949347791
"mass",0.199071152062318,0.317427474789937,0.67439292769186,0.300906083980317,1,0.0962424203174231,0.166962895506866,0.267077170717006
"pedigree",0.0893458140007985,-0.0208919435243576,0.0930494687023622,0.131515297778384,0.0962424203174231,1,0.102984116290052,0.198213535437829
"age",0.350304702163657,0.329244077856818,0.241506720736795,0.260747425257645,0.166962895506866,0.102984116290052,1,0.397354735734462
"diabetes",0.498728899671441,0.19812656767066,0.260153434799919,0.37501949347791,0.267077170717006,0.198213535437829,0.397354735734462,1
