"rules","support","confidence","lift","count"
"{A} => {C}",0.5,1,1.33333333333333,2
"{C} => {A}",0.5,0.666666666666667,1.33333333333333,2
"{B} => {E}",0.75,1,1.33333333333333,3
"{E} => {B}",0.75,1,1.33333333333333,3
"{B} => {C}",0.5,0.666666666666667,0.888888888888889,2
"{C} => {B}",0.5,0.666666666666667,0.888888888888889,2
"{E} => {C}",0.5,0.666666666666667,0.888888888888889,2
"{C} => {E}",0.5,0.666666666666667,0.888888888888889,2
